{
	"description": "项目配置文件。",
	"setting": {
		"urlCheck": true,
		"es6": true,
		"postcss": true,
		"minified": true,
		"newFeature": true
	},
	"compileType": "miniprogram",
	"libVersion": "2.3.0",
	"appid": "wxe86377cdfb4ad539",
	"projectname": "%E7%82%B9%E8%A7%A6%E7%A7%91%E6%8A%80%E5%85%8D%E8%B4%B9%E8%B5%84%E6%BA%90%E6%95%B4%E5%90%88%E4%B8%AD%E5%BF%83",
	"isGameTourist": false,
	"scripts": {
		"beforeCompile": "",
		"beforePreview": "",
		"beforeUpload": ""
	},
	"condition": {
		"search": {
			"current": -1,
			"list": []
		},
		"conversation": {
			"current": -1,
			"list": []
		},
		"game": {
			"currentL": -1,
			"list": []
		},
		"miniprogram": {
			"current": -1,
			"list": []
		}
	}
}